,pid
0,EA-004
1,EA-007
2,EA-009
4,EA-049
5,EA-063
6,EA-069
7,EA-073
8,EA-084
9,EA-109
10,EA-123
11,EA-127
12,EA-135
13,EA-141
14,EA-149
15,EA-152
16,EA-169
17,EA-175
18,EA-178
19,EA-180
20,EA-184
21,EA-194
22,EA-195
23,EE-031
24,EE-050
25,EE-057
26,EE-087
27,EE-093
28,EE-100
29,EE-105
30,EE-126
31,EE-140
32,EE-146
33,EE-147
34,EE-174
35,EE-190
36,EH-061
37,EH-164
38,EH-173
39,EI-0001
40,EI-023
41,EI-037
42,EI-051
43,EI-096
44,EI-112
45,EI-137
46,EI-170
47,EI-189
48,EI-191
49,EL-003
50,EL-101
52,EL-122
53,EL-156
54,EL-185
55,EO-005
56,EO-008
57,EO-011
58,EO-021
59,EO-026
61,EO-054
62,EO-080
63,EO-083
64,EO-091
65,EO-094
66,EO-143
67,EO-166
68,EO-182
69,EO-186
70,ER-017
71,ER-040
72,ER-059
73,ER-129
74,ER-167
75,ET-090
77,EU-015
78,EU-024
79,EU-161
80,EY-035
81,EY-043
82,EY-088
83,HA-0002
84,HA-006
85,HA-016
86,HA-018
87,HA-019
88,HA-025
89,HA-027
90,HA-039
91,HA-044
92,HA-058
93,HA-065
94,HA-066
95,HA-068
96,HA-077
97,HA-082
98,HA-086
99,HA-089
100,HA-092
101,HA-103
102,HA-104
103,HA-108
104,HA-113
105,HA-128
106,HA-142
107,HA-154
108,HA-159
109,HA-163
110,HA-172
111,HA-177
112,HA-181
113,HA-192
114,HA-196
115,HC-116
116,HE-012
117,HE-022
118,HE-030
119,HE-078
120,HE-095
121,HE-099
122,HE-115
123,HE-119
124,HE-130
125,HE-150
126,HE-155
127,HH-029
128,HH-053
129,HH-055
130,HH-056
131,HH-076
132,HH-098
133,HI-010
134,HI-020
135,HI-034
136,HI-036
137,HI-041
138,HI-042
140,HI-052
141,HI-097
142,HI-120
143,HI-121
144,HI-131
145,HI-132
146,HI-134
147,HI-144
148,HI-148
149,HL-060
151,HL-074
152,HL-111
153,HL-145
154,HL-168
155,HL-176
156,HN-183
157,HO-032
158,HO-033
159,HO-038
160,HO-070
161,HO-071
162,HO-072
163,HO-075
164,HO-106
165,HO-124
166,HO-136
167,HO-158
168,HO-162
169,HO-165
170,HO-187
171,HO-188
172,HO-193
173,HP-138
174,HR-014
175,HR-047
176,HR-102
177,HR-107
178,HR-110
179,HR-133
180,HR-151
181,HR-179
182,HS-085
183,HT-064
184,HU-048
185,HU-079
186,HU-081
187,HU-153
188,HV-160
